{
    "avg_latency": 9.06186936983332,
    "latencies": [
        9.132033094000008,
        9.145709668000109,
        9.164373851999926,
        8.932987054000023,
        9.10865337500013,
        9.082076592000021,
        8.885610874000122,
        9.084966896999958,
        9.163156904000061,
        9.155647025999997,
        8.914955100000043,
        9.135237332000088,
        9.128742425000155,
        8.89184496100006,
        9.12844799699974,
        9.18874126899982,
        8.940070933000243,
        9.16864853900006,
        9.121755010000015,
        9.13712279900028,
        8.919702920999953,
        9.139440959999774,
        9.125348744999883,
        8.876548443000047,
        9.112199047999638,
        9.048232990000088,
        8.872748930999933,
        9.105886979999923,
        9.020852983999703,
        9.02433739199978
    ],
    "percentiles": {
        "10": 8.891221552300067,
        "25": 8.960266445750108,
        "50": 9.110426211499885,
        "75": 9.136651432250233,
        "90": 9.163278598800048,
        "99": 9.18291437729989
    }
}