{
    "avg_latency": 9.012913265233358,
    "latencies": [
        9.05035692599995,
        9.029979696999817,
        9.072098332999758,
        8.857439558000351,
        9.076558210999792,
        9.090779245999784,
        8.868226046000018,
        9.059896242000377,
        9.081855221999831,
        9.133438796000064,
        8.86503747300003,
        9.154338329999973,
        9.087283524000213,
        8.806877072999669,
        9.045017521999853,
        9.07273662200032,
        8.860551258000214,
        9.02684826199993,
        9.113015639000423,
        9.066477942999882,
        8.859554946000117,
        9.04337095200026,
        9.05635216499968,
        8.82466023400002,
        9.047921846999998,
        9.115715354000258,
        8.814692552999986,
        9.061744183999963,
        9.076946270000008,
        9.06762752900022
    ],
    "percentiles": {
        "10": 8.854161625600318,
        "25": 8.907881599999996,
        "50": 9.058124203500029,
        "75": 9.076849255249954,
        "90": 9.113285610500407,
        "99": 9.14827746514
    }
}