{
    "avg_latency": 8.951355352366711,
    "latencies": [
        8.93272868799977,
        9.039265082999918,
        9.007647342999917,
        8.760499694999908,
        8.962829238000268,
        8.986704081000426,
        8.822191275000023,
        8.977511030000187,
        9.049400341999899,
        9.006752338000297,
        8.870012226000199,
        8.990791866999643,
        9.012944182999945,
        8.808534848000363,
        9.026593609999964,
        9.01491736700018,
        8.774761002000105,
        8.99615986400022,
        9.015275670999927,
        9.040918831999988,
        8.823666461999892,
        9.071113601999969,
        8.99075704300003,
        8.79184100800012,
        8.999957532999815,
        8.980635250000432,
        8.947357517,
        8.737341125000057,
        9.05050759400001,
        9.051044853999883
    ],
    "percentiles": {
        "10": 8.790133007400119,
        "25": 8.885691341500092,
        "50": 8.990774454999837,
        "75": 9.01518609499999,
        "90": 9.04951106719991,
        "99": 9.065293665079944
    }
}