{
    "avg_latency": 10.313517699633303,
    "latencies": [
        10.445812826000292,
        10.44573512299985,
        10.442694389999815,
        10.211680935000004,
        10.356684717999997,
        10.40268964300003,
        10.086436699999922,
        10.346714061000057,
        10.17197015199963,
        10.413557299000331,
        10.201672426000187,
        10.317895048000082,
        10.321998427999915,
        10.036231859000054,
        10.40784653799983,
        10.436451432000013,
        10.16871621700011,
        10.40339859400001,
        10.22315602899971,
        10.442983619000188,
        10.230830083,
        10.47144527699993,
        10.402792716000022,
        10.082040863000202,
        10.38296718499987,
        10.376395690999743,
        10.189172598999903,
        10.340603636999731,
        10.27275725599975,
        10.37219964499991
    ],
    "percentiles": {
        "10": 10.160488265300092,
        "25": 10.21454970849993,
        "50": 10.351699389500027,
        "75": 10.406734551999875,
        "90": 10.443258769400154,
        "99": 10.464011866210035
    }
}