{
    "avg_latency": 10.225948647266675,
    "latencies": [
        10.272965429000124,
        10.379707400999905,
        10.358791106999888,
        10.111005958000078,
        10.144400102999953,
        10.343315971000266,
        10.07261044500001,
        10.281107333000364,
        10.34484922699994,
        10.430929650999587,
        10.257864011000038,
        10.442996059000052,
        10.48325717500029,
        10.311194512999919,
        10.3011373129998,
        10.46358304200021,
        10.225067695999769,
        10.357119009000144,
        10.284619632000158,
        10.34497724799985,
        10.050026940999942,
        10.255343600999822,
        10.24369204200002,
        9.964164501999676,
        10.031434783999885,
        10.14713526300011,
        10.092550328000016,
        9.800438630000372,
        9.970398061000196,
        10.011776942999859
    ],
    "percentiles": {
        "10": 10.007639054799892,
        "25": 10.097164235500031,
        "50": 10.26541472000008,
        "75": 10.344945242749873,
        "90": 10.432136291799633,
        "99": 10.477551676430267
    }
}