{
    "avg_latency": 3.640427731970946,
    "latencies": [
        3.5215343702584505,
        3.72656655497849,
        3.5139130894094706,
        3.7203223947435617,
        3.7397770918905735,
        3.5240453146398067,
        3.730013709515333,
        3.5246867798268795,
        3.7440031245350838,
        3.539857493713498,
        3.7229544296860695,
        3.7204354014247656,
        3.5352229084819555,
        3.7405776269733906,
        3.5380125790834427,
        3.726136466488242,
        3.7253715321421623,
        3.527627756819129,
        3.734594078734517,
        3.5217384044080973,
        3.716898735612631,
        3.5193700436502695,
        3.71809103526175,
        3.746521344408393,
        3.523217661306262,
        3.724096303805709,
        3.5171791836619377,
        3.7266467083245516,
        3.7223800159990788,
        3.521039819344878
    ],
    "percentiles": {
        "10": 3.520872841775417,
        "25": 3.524205680936575,
        "50": 3.719206715002656,
        "75": 3.726459032855928,
        "90": 3.7398571453988554,
        "99": 3.7457910606451335
    }
}