{
    "avg_latency": 3.6452276301259796,
    "latencies": [
        3.52606263384223,
        3.7399524319916964,
        3.518812106922269,
        3.7166658230125904,
        3.738470248878002,
        3.531395336613059,
        3.72998683527112,
        3.5283524319529533,
        3.732450535520911,
        3.516780097037554,
        3.7217242382466793,
        3.7502039205282927,
        3.5310921389609575,
        3.729983687400818,
        3.5392616745084524,
        3.7264581881463528,
        3.75650829449296,
        3.5360141545534134,
        3.7434737998992205,
        3.5397769529372454,
        3.7344372645020485,
        3.533081576228142,
        3.713563248515129,
        3.7369143292307854,
        3.522243920713663,
        3.7212134581059217,
        3.5355106946080923,
        3.7328972555696964,
        3.743134757503867,
        3.530406868085265
    ],
    "percentiles": {
        "10": 3.5256807625293733,
        "25": 3.5318168965168297,
        "50": 3.718939640559256,
        "75": 3.7340522622689605,
        "90": 3.7431686617434026,
        "99": 3.7546800260432063
    }
}