{
    "avg_latency": 3.6578985940665008,
    "latencies": [
        3.5434005223214626,
        3.751383813098073,
        3.5314524602144957,
        3.7327594980597496,
        3.5470167119055986,
        3.7578298170119524,
        3.758955407887697,
        3.535028411075473,
        3.7341246157884598,
        3.5431651324033737,
        3.740813137963414,
        3.7503982186317444,
        3.549835678189993,
        3.7599323336035013,
        3.5493675637990236,
        3.7501530181616545,
        3.5450253430753946,
        3.737330809235573,
        3.75520989112556,
        3.533960238099098,
        3.737734703347087,
        3.538048205897212,
        3.759841835126281,
        3.75815200060606,
        3.5400334522128105,
        3.7421396020799875,
        3.5403334964066744,
        3.749513264745474,
        3.54293710924685,
        3.721081530675292
    ],
    "percentiles": {
        "10": 3.537746226415038,
        "25": 3.543223979882896,
        "50": 3.7334420569241047,
        "75": 3.750336918514222,
        "90": 3.7582323413342236,
        "99": 3.7599060890451073
    }
}