{
    "elapsed_time": 72.40608079599997,
    "num_requests": 1000,
    "total_num_tokens": 464574,
    "requests_per_second": 13.810994725946339,
    "tokens_per_second": 6416.229063811794
}