{
    "elapsed_time": 93.51336479000008,
    "num_requests": 1000,
    "total_num_tokens": 464574,
    "requests_per_second": 10.69365862564851,
    "tokens_per_second": 4967.99576235203
}