{
    "elapsed_time": 73.64713475900021,
    "num_requests": 1000,
    "total_num_tokens": 464574,
    "requests_per_second": 13.578260760209586,
    "tokens_per_second": 6308.106914413608
}